Sentiment,AvgLikes,AvgRetweets
Negative,92.5925925925926,27.333333333333332
Neutral,81.8125,25.03125
Positive,75.0,23.048780487804876
