AgeGroup,AvgLikes,AvgRetweets
Teen,89.55555555555556,21.444444444444443
Senior,83.6,24.236363636363638
Adult,77.47222222222223,26.61111111111111
